<?xml version="1.0" encoding="utf-8"?>
<layer-list xmlns:android="http://schemas.android.com/apk/res/android">
    <item>
        <shape android:shape="rectangle">
            <stroke android:width = "2dp" android:color = "#C0C0C0"/>
            <corners
                android:bottomRightRadius="20dp"
                android:bottomLeftRadius="20dp"
                android:topLeftRadius="20dp"
                android:topRightRadius="20dp"/>
        </shape>
    </item>

    <item
        android:bottom="1dp"
        android:left="1dp"
        android:right="1dp"
        android:top="1dp">
        <shape android:shape="rectangle">
            <solid android:color="#FFFFFF"/>
            <corners
                android:bottomRightRadius="20dp"
                android:bottomLeftRadius="20dp"
                android:topLeftRadius="20dp"
                android:topRightRadius="20dp"/>
        </shape>
    </item>
</layer-list>