<resources xmlns:tools="http://schemas.android.com/tools">
    <!-- Base application theme. -->
    <style name="Theme.FinalProject" parent="Theme.MaterialComponents.DayNight.DarkActionBar">
        <!-- Primary brand color. -->
        <item name="colorPrimary">#FFFFFF</item>
        <item name="colorPrimaryVariant">@color/purple_700</item>
        <item name="colorOnPrimary">@color/black</item>
        <!-- Secondary brand color. -->
        <item name="colorSecondary">@color/teal_200</item>
        <item name="colorSecondaryVariant">@color/teal_700</item>
        <item name="colorOnSecondary">@color/black</item>
        <item name="colorAccent">#000000</item>
        <!-- Status bar color. -->
        <item name="android:statusBarColor" tools:targetApi="l">?attr/colorPrimaryVariant</item>
        <!-- Customize your theme here. -->
        <!--타이틀바 사라지는 커스텀-->
        <item name="windowNoTitle">true</item>
        <item name="windowActionBar">true</item>
    </style>

    <style name="AlertDialogTheme" parent="Theme.MaterialComponents.Light.Dialog.Alert">
        <item name="colorPrimary">#000000</item>
        <item name="colorAccent">@android:color/black</item>
    </style>

    <style name="Theme.FinalProject.AppBarOverlay" parent="ThemeOverlay.AppCompat.Dark.ActionBar" />

    <style name="Theme.FinalProject.PopupOverlay" parent="ThemeOverlay.AppCompat.Light" />

</resources>